./de/;Alt.wav;Hoehe
./de/;Dist.wav;Entfernung
./de/;HE.wav;Richtung,Ost
./de/;HENE.wav;Richtung,Ost Nord Ost
./de/;HESE.wav;Richtung,Ost Sued Ost
./de/;HN.wav;Richtung,Nord
./de/;HNE.wav;Richtung,Nord Ost
./de/;HNNE.wav;Richtung,Nord Nord Ost
./de/;HNNW.wav;Richtung,Nord Nord West
./de/;HNW.wav;Richtung,Nord West
./de/;HS.wav;Richtung,Sued
./de/;HSE.wav;Richtung,Sued Ost
./de/;HSSE.wav;Richtung,Sued Sued Ost
./de/;HSSW.wav;Richtung,Sued Sued West
./de/;HSW.wav;Richtung,Sued West
./de/;HW.wav;Richtung,West
./de/;HWNW.wav;Richtung,West Nord West
./de/;HWSW.wav;Richtung,West Sued West
./de/;L23.wav;Wenige Grad links
./de/;L45.wav;Links etwa 45 Grad
./de/;L90.wav;Links etwa 90 Grad
./de/;L135.wav;Links mehr als 90 Grad
./de/;R0.wav;Richtung halten
./de/;R23.wav;Wenige Grad rechts
./de/;R45.wav;Rechts etwa 45 Grad
./de/;R90.wav;Rechts etwa 90 Grad
./de/;R135.wav;Rechts mehr als 90 Grad
./de/;R180.wav;Bitte wenden
