Date,Time,VFAS(V),Curr(mA),SWR,RSSI(dB),RxBt(V),A2(V),mAh(mAh),LiPo(V),GSpd(kmh),GPS,GAlt(m),GAl2(m),Grng(m),Gdst(m),Rud,Ele,Thr,Ail,S1,S2,S3,LS,RS,SA,SB,SC,SD,SE,SF,SG,SH
2016-07-05,16:17:14.920,0,0,0,0,0,0,0,0,0,,0,0,0,0,-4,-8,-1024,-2,72,-6,-1024,-1024,-8,1,-1,-1,1,0,1,-1,-1
2016-07-05,16:17:15.950,0,0,0,0,0,0,0,0,0,,0,0,0,0,-4,-8,-1024,-4,72,-6,-1024,-1024,-7,1,-1,-1,1,0,1,-1,-1
2016-07-05,16:17:16.970,11.15,0,0,90,4.9,11.9,0,11.15,2.1,4109.1067W 4316.2485N,279,0,0,0,-4,-8,-1024,-2,72,-6,-1024,-1024,-7,1,-1,-1,1,0,1,-1,-1
2016-07-05,16:17:17.970,11.14,0,17,90,4.9,11.9,0,11.14,0.8,4109.1066W 4316.2486N,279,0,0,0,-4,-8,-1024,-2,72,-6,-1024,-1024,-8,1,-1,-1,1,0,1,-1,-1
2016-07-05,16:17:19.020,11.15,0,17,92,4.9,11.9,0,11.15,0.2,4109.1069W 4316.2487N,279.5,0,0,0,-6,-8,-106,-2,72,-6,-1024,-1024,-7,1,-1,-1,1,0,1,-1,-1
2016-07-05,16:17:20.030,11.14,0,17,92,4.9,11.9,0,11.14,0.3,4109.1071W 4316.2487N,279.6,0,0,0,-6,-10,27,-2,72,-6,-1024,-1024,-6,1,-1,-1,1,0,1,-1,-1
2016-07-05,16:17:21.030,11.15,0,17,89,4.9,11.9,0,11.15,0.2,4109.1071W 4316.2488N,279.6,0,0,0,-6,-10,29,-2,72,-6,-1024,-1024,-7,1,-1,-1,1,0,1,-1,-1
2016-07-05,16:17:22.090,11.14,0,16,86,4.9,11.9,0,11.14,0.2,4109.1071W 4316.2488N,279.6,0,0,0,-6,-8,29,-4,72,-6,-1024,-1024,-7,1,-1,-1,1,0,1,-1,-1
2016-07-05,16:17:23.090,11.15,0,17,85,4.9,11.9,0,11.15,0.2,4109.1073W 4316.2488N,279.7,0,0,0,-4,-8,30,-2,72,-6,-1024,-1024,-8,1,-1,-1,1,0,1,-1,-1
2016-07-05,16:17:24.100,11.15,0,16,85,4.9,11.9,0,11.15,0.3,4109.1073W 4316.2488N,279.4,0,0,0,-4,-8,29,-2,72,-6,-1024,-1024,-7,1,-1,-1,1,0,1,-1,-1
2016-07-05,16:17:25.150,11.14,0,17,88,4.9,11.9,0,11.14,0.1,4109.1073W 4316.2487N,279.6,0,0,0,-4,-8,29,-1,72,-6,-1024,-1024,-8,1,-1,-1,1,0,1,-1,-1
2016-07-05,16:17:26.190,11.15,0,17,89,4.9,11.9,0,11.15,0.2,4109.1074W 4316.2487N,279.6,0,0,0,-4,-8,29,-2,72,-6,-1024,-1024,-8,1,-1,-1,1,0,1,-1,-1
2016-07-05,16:17:27.190,11.14,0,17,90,4.9,11.8,0,11.14,0.9,4109.1076W 4316.2486N,279.6,0,1,1,-4,-8,29,-4,72,-6,-1024,-1024,-7,1,-1,-1,1,0,1,-1,-1
2016-07-05,16:17:28.240,11.14,0,17,88,4.9,11.8,0,11.14,2.6,4109.1080W 4316.2486N,279.1,0,1,1,-4,-8,29,-2,72,-6,-1024,-1024,-6,1,-1,-1,1,0,1,-1,-1
2016-07-05,16:17:29.290,11.14,0,17,87,4.9,11.9,0,11.14,6.9,4109.1090W 4316.2485N,279.3,0,3,3,-6,-8,29,-2,72,-6,-1024,-1024,-7,1,-1,-1,1,0,1,-1,-1
2016-07-05,16:17:30.340,11.15,0,16,86,4.9,11.8,0,11.15,8.3,4109.1105W 4316.2479N,279.7,0,5,5,-6,-8,29,-2,72,-6,-1024,-1024,-7,1,-1,-1,1,0,1,-1,-1
2016-07-05,16:17:31.380,11.14,0,16,85,4.9,11.8,0,11.14,9.7,4109.1119W 4316.2475N,279.7,0,7,7,-6,-8,29,-2,72,-6,-1024,-1024,-8,1,-1,-1,1,0,1,-1,-1
2016-07-05,16:17:32.430,11.14,0,16,89,4.9,11.8,0,11.14,8.8,4109.1137W 4316.2469N,279.9,0,9,9,-4,-8,29,-2,72,-6,-1024,-1024,-7,1,-1,-1,1,0,1,-1,-1
2016-07-05,16:17:33.480,11.14,0,17,88,4.9,11.8,0,11.14,9.1,4109.1158W 4316.2464N,280.2,1,12,12,-4,-10,29,-2,72,-6,-1024,-1024,-6,1,-1,-1,1,0,1,-1,-1
2016-07-05,16:17:34.500,11.15,0,17,88,4.9,11.9,0,11.15,8.1,4109.1171W 4316.2458N,280.4,1,14,14,-4,-10,30,-2,72,-6,-1024,-1024,-7,1,-1,-1,1,0,1,-1,-1
2016-07-05,16:17:35.560,11.15,0,17,87,4.9,11.9,0,11.15,5.6,4109.1185W 4316.2453N,280.8,1,15,15,-4,-10,29,-4,72,-6,-1024,-1024,-7,1,-1,-1,1,0,1,-1,-1
2016-07-05,16:17:36.580,11.15,0,16,84,4.9,11.8,0,11.15,3.6,4109.1195W 4316.2450N,281,2,18,18,-4,-11,29,-2,72,-6,-1024,-1024,-8,1,-1,-1,1,0,1,-1,-1
2016-07-05,16:17:37.580,11.14,0,16,89,4.9,11.9,0,11.14,3.3,4109.1203W 4316.2448N,281.1,2,19,18,-4,-10,30,-1,72,-6,-1024,-1024,-7,1,-1,-1,1,0,1,-1,-1
2016-07-05,16:17:38.580,11.15,0,16,88,4.9,11.9,0,11.15,8.7,4109.1209W 4316.2445N,281.4,2,20,20,-4,-10,30,-1,72,-6,-1024,-1024,-8,1,-1,-1,1,0,1,-1,-1
2016-07-05,16:17:39.620,11.14,0,17,89,4.9,11.9,0,11.14,12.4,4109.1227W 4316.2440N,281.8,2,22,22,-3,-10,30,-2,72,-6,-1024,-1024,-7,1,-1,-1,1,0,1,-1,-1
2016-07-05,16:17:40.660,11.15,0,16,88,4.9,11.8,0,11.15,15.8,4109.1259W 4316.2432N,282,3,26,26,-4,-8,30,-2,72,-6,-1024,-1024,-8,1,-1,-1,1,0,1,-1,-1
2016-07-05,16:17:41.660,11.14,0,17,91,4.9,11.8,0,11.14,18.8,4109.1282W 4316.2422N,282.1,3,31,31,-4,-8,30,-2,72,-6,-1024,-1024,-7,1,-1,-1,1,0,1,-1,-1
2016-07-05,16:17:42.670,11.15,0,16,88,4.9,11.8,0,11.15,21.3,4109.1319W 4316.2413N,282.1,3,36,36,-4,-10,30,-2,72,-6,-1024,-1024,-8,1,-1,-1,1,0,1,-1,-1
2016-07-05,16:17:43.690,11.15,0,17,88,4.9,11.8,0,11.15,23.8,4109.1359W 4316.2396N,282,3,42,42,-4,-8,30,-2,72,-6,-1024,-1024,-8,1,-1,-1,1,0,1,-1,-1
2016-07-05,16:17:44.700,11.15,0,17,88,4.9,11.8,0,11.15,26.2,4109.1405W 4316.2381N,282,3,48,48,-4,-8,30,-2,72,-6,-1024,-1024,-8,1,-1,-1,1,0,1,-1,-1
2016-07-05,16:17:45.710,11.15,0,17,88,4.9,11.8,0,11.15,27.3,4109.1441W 4316.2368N,282,3,54,54,-4,-8,30,-2,72,-6,-1024,-1024,-7,1,-1,-1,1,0,1,-1,-1
2016-07-05,16:17:46.720,11.14,0,17,87,4.9,11.9,0,11.14,29.1,4109.1506W 4316.2347N,282.1,3,64,64,-4,-8,30,-2,72,-6,-1024,-1024,-7,1,-1,-1,1,0,1,-1,-1
2016-07-05,16:17:47.730,11.14,0,17,92,4.9,11.9,0,11.14,30.9,4109.1562W 4316.2329N,282.2,3,71,71,-6,-8,30,-2,72,-6,-1024,-1024,-7,1,-1,-1,1,0,1,-1,-1
2016-07-05,16:17:48.740,11.15,0,17,87,4.9,11.9,0,11.15,33,4109.1606W 4316.2316N,282.3,3,78,78,-4,-8,30,-2,72,-6,-1024,-1024,-7,1,-1,-1,1,0,1,-1,-1
2016-07-05,16:17:49.790,11.14,0,16,87,4.9,11.8,0,11.14,34,4109.1686W 4316.2295N,282.7,3,90,90,-4,-8,30,-2,72,-6,-1024,-1024,-8,1,-1,-1,1,0,1,-1,-1
2016-07-05,16:17:50.800,11.15,0,16,87,4.9,11.7,0,11.15,34.3,4109.1753W 4316.2271N,282.6,3,99,99,-4,-8,30,-2,72,-6,-1024,-1024,-7,1,-1,-1,1,0,1,-1,-1
2016-07-05,16:17:51.800,11.15,0,16,89,4.9,11.8,0,11.15,34.9,4109.1805W 4316.2271N,282.5,3,106,106,-4,-10,30,-2,72,-6,-1024,-1024,-6,1,-1,-1,1,0,1,-1,-1
2016-07-05,16:17:52.810,11.15,0,17,90,4.9,11.8,0,11.15,35,4109.1892W 4316.2261N,282.5,3,118,118,-4,-8,30,-2,72,-6,-1024,-1024,-8,1,-1,-1,1,0,1,-1,-1
2016-07-05,16:17:53.810,11.14,0,17,88,4.9,11.9,0,11.14,35.2,4109.1962W 4316.2248N,282.7,3,128,128,-4,-8,30,-2,72,-6,-1024,-1024,-6,1,-1,-1,1,0,1,-1,-1
2016-07-05,16:17:54.820,11.15,0,17,88,4.9,11.9,0,11.15,35.6,4109.2015W 4316.2248N,283.3,4,135,135,-4,-10,30,-2,72,-6,-1024,-1024,-7,1,-1,-1,1,0,1,-1,-1
2016-07-05,16:17:55.830,11.15,0,17,88,4.9,11.8,0,11.15,35.8,4109.2104W 4316.2231N,283.3,4,147,147,-6,-10,29,-2,72,-6,-1024,-1024,-7,1,-1,-1,1,0,1,-1,-1
2016-07-05,16:17:56.840,11.14,0,16,89,4.9,11.8,0,11.14,36.1,4109.2231W 4316.2221N,283.4,4,164,164,-4,-8,29,-2,72,-6,-1024,-1024,-7,1,-1,-1,1,0,1,-1,-1
2016-07-05,16:17:57.840,11.15,0,17,89,4.9,11.8,0,11.15,35.4,4109.2231W 4316.2221N,283.4,4,164,164,-4,-8,30,-2,72,-6,-1024,-1024,-8,1,-1,-1,1,0,1,-1,-1
2016-07-05,16:17:58.850,11.14,0,17,89,4.9,11.8,0,11.14,35.1,4109.2390W 4316.2196N,283.4,4,185,185,-4,-8,30,-2,72,-6,-1024,-1024,-6,1,-1,-1,1,0,1,-1,-1
2016-07-05,16:17:59.860,11.14,0,17,89,4.9,11.8,0,11.14,34.7,4109.2442W 4316.2186N,283.2,4,194,193,-4,-8,30,-2,72,-6,-1024,-1024,-7,1,-1,-1,1,0,1,-1,-1
2016-07-05,16:18:00.860,11.14,0,17,88,4.9,11.8,0,11.14,34.5,4109.2442W 4316.2186N,283.3,4,194,193,-4,-10,30,-2,72,-6,-1024,-1024,-7,1,-1,-1,1,0,1,-1,-1
2016-07-05,16:18:01.870,11.14,0,16,87,4.9,11.8,0,11.14,34.2,4109.2543W 4316.2150N,283.3,4,208,208,-4,-8,30,-2,72,-6,-1024,-1024,-7,1,-1,-1,1,0,1,-1,-1
2016-07-05,16:18:02.880,11.14,0,16,88,4.9,11.8,0,11.14,33.5,4109.2656W 4316.2133N,283.2,4,223,223,-4,-8,30,-2,72,-6,-1024,-1024,-7,1,-1,-1,1,0,1,-1,-1
2016-07-05,16:18:03.890,11.15,0,17,88,4.9,11.8,0,11.15,31.3,4109.2702W 4316.2119N,283.2,4,230,230,-6,-8,30,-2,72,-6,-1024,-1024,-7,1,-1,-1,1,0,1,-1,-1
2016-07-05,16:18:04.910,11.14,0,17,90,4.9,11.8,0,11.14,30.1,4109.2775W 4316.2097N,283.2,4,241,241,-4,-8,29,-2,72,-6,-1024,-1024,-7,1,-1,-1,1,0,1,-1,-1
2016-07-05,16:18:05.920,11.14,0,17,88,4.9,11.8,0,11.14,28.2,4109.2830W 4316.2080N,283,4,249,249,-4,-8,29,-2,72,-6,-1024,-1024,-7,1,-1,-1,1,0,1,-1,-1
2016-07-05,16:18:06.920,11.14,0,17,87,4.9,11.8,0,11.14,26.5,4109.2830W 4316.2064N,282.8,3,250,250,-4,-8,29,-2,72,-6,-1024,-1024,-8,1,-1,-1,1,0,1,-1,-1
2016-07-05,16:18:07.940,11.15,0,16,86,4.9,11.8,0,11.15,24.4,4109.2926W 4316.2049N,282.9,3,263,263,-4,-8,29,-2,72,-6,-1024,-1024,-7,1,-1,-1,1,0,1,-1,-1
2016-07-05,16:18:08.950,11.14,0,17,88,4.9,11.8,0,11.14,25.2,4109.2972W 4316.2034N,283,4,270,270,-3,-8,29,-2,72,-6,-1024,-1024,-7,1,-1,-1,1,0,1,-1,-1
2016-07-05,16:18:09.950,11.14,0,17,88,4.9,11.7,0,11.14,26.7,4109.2972W 4316.2018N,283.2,4,271,271,-4,-8,30,-1,72,-6,-1024,-1024,-7,1,-1,-1,1,0,1,-1,-1
2016-07-05,16:18:10.960,11.15,0,17,89,4.9,11.7,0,11.15,28.4,4109.3077W 4316.2006N,283.1,4,284,284,-4,-8,30,-4,72,-6,-1024,-1024,-8,1,-1,-1,1,0,1,-1,-1
2016-07-05,16:18:11.980,11.14,0,17,89,4.9,11.7,0,11.14,29.2,4109.3132W 4316.1986N,283.1,4,293,293,-4,-8,30,-2,72,-6,-1024,-1024,-7,1,-1,-1,1,0,1,-1,-1
2016-07-05,16:18:12.990,11.14,0,16,88,4.9,11.7,0,11.14,29.4,4109.3174W 4316.1974N,283.1,4,300,300,-3,-8,30,-1,72,-6,-1024,-1024,-7,1,-1,-1,1,0,1,-1,-1
2016-07-05,16:18:14.000,11.14,0,17,89,4.9,11.8,0,11.14,29.5,4109.3244W 4316.1953N,283.1,4,309,309,-4,-8,30,-4,72,-6,-1024,-1024,-7,1,-1,-1,1,0,1,-1,-1
2016-07-05,16:18:15.030,11.14,0,16,88,4.9,11.8,0,11.14,30,4109.3286W 4316.1941N,283.1,4,316,316,-4,-10,30,-4,72,-6,-1024,-1024,-7,1,-1,-1,1,0,1,-1,-1
2016-07-05,16:18:16.040,11.14,0,17,89,4.9,11.8,0,11.14,30.1,4109.3358W 4316.1920N,283.2,4,326,326,-6,-10,30,-4,72,-6,-1024,-1024,-8,1,-1,-1,1,0,1,-1,-1
2016-07-05,16:18:17.050,11.14,0,17,88,4.9,11.8,0,11.14,30.6,4109.3416W 4316.1902N,283.4,4,334,334,-6,-10,30,-2,72,-6,-1024,-1024,-8,1,-1,-1,1,0,1,-1,-1
2016-07-05,16:18:18.060,11.15,0,17,89,4.9,11.8,0,11.15,31.1,4109.3460W 4316.1889N,283.3,4,341,341,-6,-8,30,-2,72,-6,-1024,-1024,-8,1,-1,-1,1,0,1,-1,-1
2016-07-05,16:18:19.090,11.14,0,16,86,4.9,11.8,0,11.14,31.4,4109.3535W 4316.1866N,283.3,4,351,351,-6,-8,30,-2,72,-6,-1024,-1024,-7,1,-1,-1,1,0,1,-1,-1
2016-07-05,16:18:20.130,11.14,0,17,90,4.9,11.7,0,11.14,31.4,4109.3594W 4316.1848N,283.5,4,360,360,-6,-8,30,-2,72,-6,-1024,-1024,-7,1,-1,-1,1,0,1,-1,-1
2016-07-05,16:18:21.130,11.14,0,16,89,4.9,11.7,0,11.14,31.3,4109.3594W 4316.1848N,283.5,4,360,360,-6,-8,30,-2,72,-6,-1024,-1024,-7,1,-1,-1,1,0,1,-1,-1
2016-07-05,16:18:22.150,11.15,0,17,90,4.9,11.8,0,11.15,31,4109.3712W 4316.1812N,283.8,4,377,377,-6,-10,30,-2,72,-6,-1024,-1024,-7,1,-1,-1,1,0,1,-1,-1
2016-07-05,16:18:23.150,11.15,0,17,87,4.9,11.8,0,11.15,30.9,4109.3771W 4316.1795N,283.9,4,386,386,-6,-10,30,-2,72,-6,-1024,-1024,-7,1,-1,-1,1,0,1,-1,-1
2016-07-05,16:18:24.160,11.14,0,17,88,4.9,11.7,0,11.14,30.7,4109.3816W 4316.1782N,283.9,4,393,393,-4,-10,30,-2,72,-6,-1024,-1024,-7,1,-1,-1,1,0,1,-1,-1
2016-07-05,16:18:25.170,11.14,0,16,88,4.9,11.8,0,11.14,30.4,4109.3888W 4316.1761N,283.8,4,403,403,-4,-10,30,-2,72,-6,-1024,-1024,-8,1,-1,-1,1,0,1,-1,-1
2016-07-05,16:18:26.180,11.14,0,16,87,4.9,11.8,0,11.14,28.9,4109.3944W 4316.1744N,283.9,4,412,412,-6,-10,30,-2,72,-6,-1024,-1024,-6,1,-1,-1,1,0,1,-1,-1
2016-07-05,16:18:27.180,11.14,0,17,92,4.9,11.8,0,11.14,27.4,4109.3984W 4316.1733N,284.1,5,417,417,-6,-10,30,-1,72,-6,-1024,-1024,-8,1,-1,-1,1,0,1,-1,-1
2016-07-05,16:18:28.180,11.14,0,17,87,4.9,11.8,0,11.14,27,4109.3984W 4316.1733N,284.1,5,417,417,-4,-10,30,-2,72,-6,-1024,-1024,-7,1,-1,-1,1,0,1,-1,-1
2016-07-05,16:18:29.200,11.14,0,17,87,4.9,11.8,0,11.14,23.7,4109.4081W 4316.1704N,284.1,5,431,431,-4,-10,31,-2,72,-6,-1024,-1024,-7,1,-1,-1,1,0,1,-1,-1
2016-07-05,16:18:30.200,11.14,0,16,84,4.9,11.8,0,11.14,21.8,4109.4135W 4316.1691N,284.2,5,440,440,-4,-10,30,-4,72,-6,-1024,-1024,-8,1,-1,-1,1,0,1,-1,-1
2016-07-05,16:18:31.210,11.14,0,17,88,4.9,11.8,0,11.14,20.1,4109.4175W 4316.1677N,284.1,5,445,445,-4,-10,30,-1,72,-6,-1024,-1024,-7,1,-1,-1,1,0,1,-1,-1
2016-07-05,16:18:32.230,11.14,0,16,86,4.9,11.8,0,11.14,12.4,4109.4199W 4316.1670N,284.1,5,449,449,-4,-10,30,-2,72,-6,-1024,-1024,-9,1,-1,-1,1,0,1,-1,-1
2016-07-05,16:18:33.230,11.14,0,17,86,4.9,11.8,0,11.14,9.5,4109.4221W 4316.1664N,283.9,4,452,452,-4,-8,29,-4,72,-6,-1024,-1024,-7,1,-1,-1,1,0,1,-1,-1
2016-07-05,16:18:34.240,11.14,0,17,87,4.9,11.8,0,11.14,6.5,4109.4240W 4316.1659N,283.5,4,455,455,-4,-8,29,-2,72,-6,-1024,-1024,-8,1,-1,-1,1,0,1,-1,-1
2016-07-05,16:18:35.240,11.14,0,17,88,4.9,11.8,0,11.14,6,4109.4251W 4316.1655N,283.3,4,456,456,-4,-8,29,-2,72,-6,-1024,-1024,-7,1,-1,-1,1,0,1,-1,-1
2016-07-05,16:18:36.240,11.14,0,17,90,4.9,11.8,0,11.14,11.1,4109.4268W 4316.1648N,283,4,459,459,-4,-8,29,-2,72,-6,-1024,-1024,-8,1,-1,-1,1,0,1,-1,-1
2016-07-05,16:18:37.240,11.15,0,16,87,4.9,11.8,0,11.15,13.7,4109.4289W 4316.1634N,282.9,3,462,462,-4,-8,29,-2,72,-6,-1024,-1024,-8,1,-1,-1,1,0,1,-1,-1
2016-07-05,16:18:38.260,11.14,0,16,87,4.9,11.8,0,11.14,19.1,4109.4306W 4316.1610N,282.6,3,467,466,-4,-10,29,-2,72,-6,-1024,-1024,-8,1,-1,-1,1,0,1,-1,-1
2016-07-05,16:18:39.300,11.15,0,17,87,4.9,11.8,0,11.15,23.4,4109.4313W 4316.1574N,282.6,3,470,470,-4,-10,30,-2,72,-6,-1024,-1024,-7,1,-1,-1,1,0,1,-1,-1
2016-07-05,16:18:40.320,11.14,0,17,88,4.9,11.8,0,11.14,25.5,4109.4308W 4316.1533N,282.1,3,472,472,-4,-10,29,-4,72,-6,-1024,-1024,-7,1,-1,-1,1,0,1,-1,-1
2016-07-05,16:18:41.350,11.14,0,17,89,4.9,11.8,0,11.14,32.6,4109.4287W 4316.1488N,282.5,3,472,472,-4,-10,29,-2,72,-6,-1024,-1024,-7,1,-1,-1,1,0,1,-1,-1
2016-07-05,16:18:42.370,11.14,0,17,88,4.9,11.8,0,11.14,34.1,4109.4265W 4316.1453N,282.3,3,472,472,-4,-10,29,-2,72,-6,-1024,-1024,-7,1,-1,-1,1,0,1,-1,-1
2016-07-05,16:18:43.400,11.14,0,16,87,4.9,11.8,0,11.14,38.1,4109.4240W 4316.1390N,282.1,3,474,474,-3,-10,30,-2,72,-6,-1024,-1024,-7,1,-1,-1,1,0,1,-1,-1
2016-07-05,16:18:44.420,11.14,0,17,86,4.9,11.8,0,11.14,40.7,4109.4212W 4316.1349N,282,3,474,474,-4,-10,30,-2,72,-6,-1024,-1024,-8,1,-1,-1,1,0,1,-1,-1
2016-07-05,16:18:45.450,11.14,0,16,86,4.9,11.8,0,11.14,43,4109.4181W 4316.1274N,282,3,476,476,-4,-10,31,-2,72,-6,-1024,-1024,-8,1,-1,-1,1,0,1,-1,-1
2016-07-05,16:18:46.470,11.15,0,17,88,4.9,11.7,0,11.15,45.5,4109.4147W 4316.1212N,282.1,3,477,477,-4,-10,30,-2,72,-6,-1024,-1024,-7,1,-1,-1,1,0,1,-1,-1
2016-07-05,16:18:47.500,11.14,0,17,89,4.9,11.7,0,11.14,46.5,4109.4111W 4316.1147N,282,3,479,479,-4,-8,30,-2,72,-6,-1024,-1024,-7,1,-1,-1,1,0,1,-1,-1
2016-07-05,16:18:48.530,11.15,0,17,88,4.9,11.7,0,11.15,49.7,4109.4082W 4316.1096N,281.9,2,481,481,-4,-8,30,-4,72,-6,-1024,-1024,-7,1,-1,-1,1,0,1,-1,-1
2016-07-05,16:18:49.550,11.14,0,16,87,4.9,11.7,0,11.14,50.2,4109.4032W 4316.1009N,282,3,485,485,-4,-10,31,-2,72,-6,-1024,-1024,-8,1,-1,-1,1,0,1,-1,-1
2016-07-05,16:18:50.590,11.15,0,17,87,4.9,11.7,0,11.15,48.9,4109.3994W 4316.0938N,281.9,2,487,487,-3,-10,31,-4,72,-6,-1024,-1024,-7,1,-1,-1,1,0,1,-1,-1
2016-07-05,16:18:51.620,11.15,0,16,87,4.9,11.7,0,11.15,48,4109.3967W 4316.0887N,281.6,2,491,491,-4,-10,30,-1,72,-6,-1024,-1024,-7,1,-1,-1,1,0,1,-1,-1
2016-07-05,16:18:52.660,11.14,0,17,88,4.9,11.7,0,11.14,45.4,4109.3924W 4316.0802N,281.5,2,495,495,-4,-10,30,-2,72,-6,-1024,-1024,-5,1,-1,-1,1,0,1,-1,-1
2016-07-05,16:18:53.660,11.15,0,17,89,4.9,11.7,0,11.15,41.3,4109.3893W 4316.0739N,281.2,2,500,500,-3,-10,30,-2,72,-6,-1024,-1024,-7,1,-1,-1,1,0,1,-1,-1
2016-07-05,16:18:54.680,11.15,0,17,89,4.9,11.7,0,11.15,37.3,4109.3864W 4316.0682N,281.3,2,504,504,-4,-8,30,-2,72,-6,-1024,-1024,-8,1,-1,-1,1,0,1,-1,-1
2016-07-05,16:18:55.710,11.14,0,17,89,4.9,11.7,0,11.14,32.3,4109.3838W 4316.0631N,281.2,2,507,507,-4,-8,30,-2,72,-6,-1024,-1024,-6,1,-1,-1,1,0,1,-1,-1
2016-07-05,16:18:56.740,11.15,0,17,89,4.9,11.7,0,11.15,27.5,4109.3816W 4316.0559N,281.1,2,514,514,-4,-10,30,-2,72,-6,-1024,-1024,-6,1,-1,-1,1,0,1,-1,-1
2016-07-05,16:18:57.760,11.14,0,16,85,4.9,11.7,0,11.14,18.4,4109.3797W 4316.0559N,280.9,1,512,512,-4,-10,30,-2,72,-6,-1024,-1024,-7,1,-1,-1,1,0,1,-1,-1
2016-07-05,16:18:58.790,11.14,0,17,90,4.9,11.7,0,11.14,13.4,4109.3782W 4316.0522N,280.9,1,516,516,-4,-8,30,-2,72,-6,-1024,-1024,-7,1,-1,-1,1,0,1,-1,-1
2016-07-05,16:18:59.800,11.14,0,16,90,4.9,11.7,0,11.14,7.7,4109.3773W 4316.0503N,280.9,1,518,518,-4,-10,30,-2,72,-6,-1024,-1024,-8,1,-1,-1,1,0,1,-1,-1
2016-07-05,16:19:00.820,11.15,0,17,88,4.9,11.7,0,11.15,6.8,4109.3767W 4316.0494N,280.8,1,518,518,-4,-10,30,-2,72,-6,-1024,-1024,-8,1,-1,-1,1,0,1,-1,-1
2016-07-05,16:19:01.830,11.14,0,17,89,4.9,11.7,0,11.14,9.6,4109.3763W 4316.0470N,280.8,1,521,521,-4,-10,30,-2,72,-6,-1024,-1024,-8,1,-1,-1,1,0,1,-1,-1
2016-07-05,16:19:02.850,11.14,0,16,89,4.9,11.7,0,11.14,14,4109.3729W 4316.0453N,280.5,1,520,520,-4,-10,31,-2,72,-6,-1024,-1024,-7,1,-1,-1,1,0,1,-1,-1
2016-07-05,16:19:03.870,11.14,0,16,88,4.9,11.7,0,11.14,21.2,4109.3729W 4316.0436N,280.5,1,522,522,-3,-10,30,-2,72,-6,-1024,-1024,-7,1,-1,-1,1,0,1,-1,-1
2016-07-05,16:19:04.880,11.14,0,17,88,4.9,11.7,0,11.14,22.5,4109.3644W 4316.0429N,280.1,1,515,515,-4,-10,30,-2,72,-6,-1024,-1024,-8,1,-1,-1,1,0,1,-1,-1
2016-07-05,16:19:05.910,11.14,0,17,88,4.9,11.7,0,11.14,27.8,4109.3587W 4316.0432N,279.8,0,509,509,-4,-10,29,-2,72,-6,-1024,-1024,-7,1,-1,-1,1,0,1,-1,-1
2016-07-05,16:19:06.910,11.14,0,17,88,4.9,11.7,0,11.14,31.4,4109.3524W 4316.0441N,279.8,0,503,503,-4,-10,29,-2,72,-6,-1024,-1024,-7,1,-1,-1,1,0,1,-1,-1
2016-07-05,16:19:07.950,11.14,0,17,90,4.9,11.7,0,11.14,33.8,4109.3458W 4316.0457N,279.9,0,494,494,-4,-10,31,-2,71,-6,-1024,-1024,-7,1,-1,-1,1,0,1,-1,-1
2016-07-05,16:19:08.970,11.15,0,16,87,4.9,11.7,0,11.15,36.1,4109.3388W 4316.0475N,280,1,486,486,-4,-10,31,-2,71,-6,-1024,-1024,-7,1,-1,-1,1,0,1,-1,-1
2016-07-05,16:19:09.990,11.14,0,16,88,4.9,11.7,0,11.14,38.4,4109.3316W 4316.0496N,280.1,1,477,477,-4,-10,31,-2,71,-6,-1024,-1024,-6,1,-1,-1,1,0,1,-1,-1
2016-07-05,16:19:11.020,11.15,0,16,88,4.9,11.7,0,11.15,39.8,4109.3241W 4316.0518N,280.1,1,467,467,-6,-10,31,-2,71,-6,-1024,-1024,-7,1,-1,-1,1,0,1,-1,-1
2016-07-05,16:19:12.050,11.15,0,17,90,4.9,11.7,0,11.15,41.3,4109.3163W 4316.0541N,280,1,457,457,-6,-10,31,-2,71,-6,-1024,-1024,-8,1,-1,-1,1,0,1,-1,-1
2016-07-05,16:19:13.080,11.14,0,17,89,4.9,11.7,0,11.14,41.9,4109.3083W 4316.0565N,280.1,1,447,447,-6,-10,30,-2,71,-6,-1024,-1024,-8,1,-1,-1,1,0,1,-1,-1
2016-07-05,16:19:14.110,11.14,0,17,90,4.9,11.7,0,11.14,42.2,4109.3023W 4316.0583N,280.1,1,440,440,-6,-8,30,-2,71,-6,-1024,-1024,-8,1,-1,-1,1,0,1,-1,-1
2016-07-05,16:19:15.130,11.15,0,16,89,4.9,11.7,0,11.15,43.3,4109.2920W 4316.0614N,280,1,426,426,-4,-8,30,-4,72,-6,-1024,-1024,-8,1,-1,-1,1,0,1,-1,-1
2016-07-05,16:19:16.160,11.14,0,17,88,4.9,11.7,0,11.14,43.3,4109.2838W 4316.0639N,280,1,417,417,-3,-8,30,-2,72,-6,-1024,-1024,-8,1,-1,-1,1,0,1,-1,-1
2016-07-05,16:19:17.210,11.14,0,16,88,4.9,11.6,0,11.14,43.9,4109.2754W 4316.0664N,280.2,1,406,406,-4,-8,30,-2,72,-6,-1024,-1024,-8,1,-1,-1,1,0,1,-1,-1
2016-07-05,16:19:18.220,11.14,0,17,88,4.9,11.6,0,11.14,44.1,4109.2671W 4316.0690N,280.2,1,396,396,-4,-8,29,-2,72,-6,-1024,-1024,-7,1,-1,-1,1,0,1,-1,-1
2016-07-05,16:19:19.240,11.14,0,16,90,4.9,11.6,0,11.14,44.4,4109.2567W 4316.0724N,280.1,1,383,383,-4,-8,29,-1,72,-6,-1024,-1024,-7,1,-1,-1,1,0,1,-1,-1
2016-07-05,16:19:20.270,11.14,0,17,90,4.9,11.7,0,11.14,44.8,4109.2505W 4316.0745N,280.2,1,375,375,-4,-8,30,-2,72,-6,-1024,-1024,-8,1,-1,-1,1,0,1,-1,-1
2016-07-05,16:19:21.300,11.14,0,16,88,4.9,11.7,0,11.14,44.5,4109.2421W 4316.0774N,280.2,1,366,366,-4,-8,29,-2,72,-6,-1024,-1024,-7,1,-1,-1,1,0,1,-1,-1
2016-07-05,16:19:22.340,11.14,0,17,89,4.9,11.7,0,11.14,43.9,4109.2337W 4316.0801N,280.4,1,355,355,-4,-8,30,-2,72,-6,-1024,-1024,-7,1,-1,-1,1,0,1,-1,-1
2016-07-05,16:19:23.350,11.14,0,17,90,4.9,11.7,0,11.14,41.4,4109.2256W 4316.0826N,280.4,1,346,346,-6,-8,30,-2,72,-6,-1024,-1024,-8,1,-1,-1,1,0,1,-1,-1
2016-07-05,16:19:24.370,11.14,0,16,91,4.9,11.7,0,11.14,39.1,4109.2178W 4316.0850N,280.5,1,338,338,-4,-8,30,-2,72,-6,-1024,-1024,-8,1,-1,-1,1,0,1,-1,-1
2016-07-05,16:19:25.410,11.14,0,17,89,4.9,11.7,0,11.14,35.9,4109.2105W 4316.0872N,280.6,1,329,329,-4,-10,30,-1,72,-6,-1024,-1024,-6,1,-1,-1,1,0,1,-1,-1
2016-07-05,16:19:26.440,11.14,0,17,88,4.9,11.7,0,11.14,31.4,4109.2037W 4316.0891N,280.6,1,322,322,-4,-8,30,-1,72,-6,-1024,-1024,-7,1,-1,-1,1,0,1,-1,-1
2016-07-05,16:19:27.460,11.14,0,17,88,4.9,11.7,0,11.14,26.8,4109.1979W 4316.0908N,280.6,1,316,316,-4,-8,30,-2,72,-6,-1024,-1024,-8,1,-1,-1,1,0,1,-1,-1
2016-07-05,16:19:28.490,11.14,0,17,90,4.9,11.7,0,11.14,22,4109.1929W 4316.0922N,280.7,1,311,311,-4,-8,30,-1,72,-6,-1024,-1024,-8,1,-1,-1,1,0,1,-1,-1
2016-07-05,16:19:29.510,11.15,0,16,86,4.9,11.7,0,11.15,16.6,4109.1888W 4316.0934N,280.6,1,307,307,-4,-8,30,-2,72,-6,-1024,-1024,-6,1,-1,-1,1,0,1,-1,-1
2016-07-05,16:19:30.540,11.15,0,16,88,4.9,11.7,0,11.15,11.1,4109.1859W 4316.0943N,280.6,1,304,304,-4,-8,29,-2,72,-6,-1024,-1024,-8,1,-1,-1,1,0,1,-1,-1
2016-07-05,16:19:31.570,11.14,0,16,87,4.9,11.7,0,11.14,8,4109.1839W 4316.0948N,280.6,1,302,302,-4,-8,29,-2,72,-6,-1024,-1024,-7,1,-1,-1,1,0,1,-1,-1
2016-07-05,16:19:32.590,11.14,0,17,90,4.9,11.7,0,11.14,7.7,4109.1820W 4316.0953N,280.5,1,300,300,-4,-8,30,-4,72,-6,-1024,-1024,-7,1,-1,-1,1,0,1,-1,-1
2016-07-05,16:19:33.610,11.14,0,17,91,4.9,11.7,0,11.14,10,4109.1809W 4316.0959N,280.4,1,299,299,-4,-10,30,-4,71,-6,-1024,-1024,-7,1,-1,-1,1,0,1,-1,-1
2016-07-05,16:19:34.640,11.14,0,17,91,4.9,11.7,0,11.14,15.1,4109.1791W 4316.0972N,280.4,1,296,296,-3,-10,30,-2,71,-6,-1024,-1024,-7,1,-1,-1,1,0,1,-1,-1
2016-07-05,16:19:35.670,11.14,0,16,89,4.9,11.7,0,11.14,18.9,4109.1775W 4316.0995N,280.4,1,291,291,-4,-8,30,-2,71,-6,-1024,-1024,-7,1,-1,-1,1,0,1,-1,-1
2016-07-05,16:19:36.710,11.14,0,17,89,4.9,11.7,0,11.14,21.6,4109.1767W 4316.1026N,280.4,1,285,285,-6,-8,30,-2,71,-6,-1024,-1024,-7,1,-1,-1,1,0,1,-1,-1
2016-07-05,16:19:37.710,11.14,0,16,88,4.9,11.7,0,11.14,25.4,4109.1771W 4316.1060N,280.2,1,280,280,-6,-8,31,-2,71,-6,-1024,-1024,-7,1,-1,-1,1,0,1,-1,-1
2016-07-05,16:19:38.730,11.14,0,17,89,4.9,11.7,0,11.14,27.2,4109.1793W 4316.1097N,279.9,0,275,275,-6,-8,30,-2,71,-6,-1024,-1024,-8,1,-1,-1,1,0,1,-1,-1
2016-07-05,16:19:39.760,11.14,0,17,90,4.9,11.6,0,11.14,29.9,4109.1810W 4316.1137N,279.7,0,268,268,-4,-10,30,-2,71,-6,-1024,-1024,-7,1,-1,-1,1,0,1,-1,-1
2016-07-05,16:19:40.800,11.14,0,17,90,4.9,11.6,0,11.14,32.6,4109.1841W 4316.1179N,279.8,0,262,262,-4,-10,30,-2,71,-6,-1024,-1024,-8,1,-1,-1,1,0,1,-1,-1
2016-07-05,16:19:41.810,11.14,0,16,88,4.9,11.7,0,11.14,32.3,4109.1866W 4316.1236N,279.8,0,255,255,-4,-10,30,-1,71,-6,-1024,-1024,-7,1,-1,-1,1,0,1,-1,-1
2016-07-05,16:19:42.850,11.14,0,16,88,4.9,11.7,0,11.14,31.4,4109.1903W 4316.1314N,279.7,0,243,243,-4,-10,30,-2,71,-6,-1024,-1024,-7,1,-1,-1,1,0,1,-1,-1
2016-07-05,16:19:43.860,11.14,0,16,89,4.9,11.6,0,11.14,30.1,4109.1903W 4316.1314N,279.6,0,243,243,-4,-10,30,-2,71,-6,-1024,-1024,-7,1,-1,-1,1,0,1,-1,-1
2016-07-05,16:19:44.900,11.14,0,17,87,4.9,11.6,0,11.14,29.9,4109.1931W 4316.1401N,279.3,0,231,231,-4,-10,30,-4,71,-6,-1024,-1024,-7,1,-1,-1,1,0,1,-1,-1
2016-07-05,16:19:45.940,11.14,0,17,89,4.9,11.7,0,11.14,30.7,4109.1939W 4316.1435N,279.2,0,226,226,-4,-10,30,-2,71,-6,-1024,-1024,-8,1,-1,-1,1,0,1,-1,-1
2016-07-05,16:19:46.980,11.14,0,17,88,4.9,11.7,0,11.14,30.6,4109.1945W 4316.1493N,279.3,0,217,217,-4,-8,30,-2,71,-6,-1024,-1024,-7,1,-1,-1,1,0,1,-1,-1
2016-07-05,16:19:48.020,11.14,0,17,86,4.9,11.6,0,11.14,29.3,4109.1950W 4316.1538N,279,0,211,211,-4,-8,30,-2,71,-6,-1024,-1024,-7,1,-1,-1,1,0,1,-1,-1
2016-07-05,16:19:49.080,11.14,0,17,89,4.9,11.7,0,11.14,27.3,4109.1952W 4316.1569N,278.9,-1,206,206,-4,-8,30,-4,71,-6,-1024,-1024,-7,1,-1,-1,1,0,1,-1,-1
2016-07-05,16:19:50.130,11.14,0,16,88,4.9,11.7,0,11.14,25.4,4109.1948W 4316.1618N,278.9,-1,199,199,-4,-8,30,-2,71,-6,-1024,-1024,-7,1,-1,-1,1,0,1,-1,-1
2016-07-05,16:19:51.190,11.14,0,16,88,4.9,11.7,0,11.14,24.2,4109.1948W 4316.1618N,278.9,-1,199,199,-4,-8,30,-4,72,-6,-1024,-1024,-7,1,-1,-1,1,0,1,-1,-1
2016-07-05,16:19:52.230,11.14,0,16,87,4.9,11.7,0,11.14,24.4,4109.1910W 4316.1685N,279.5,0,186,186,-4,-10,30,-2,72,-6,-1024,-1024,-8,1,-1,-1,1,0,1,-1,-1
2016-07-05,16:19:53.250,11.14,0,17,88,4.9,11.7,0,11.14,25.4,4109.1870W 4316.1709N,280,1,179,179,-4,-10,30,-2,72,-6,-1024,-1024,-7,1,-1,-1,1,0,1,-1,-1
2016-07-05,16:19:54.270,11.14,0,16,86,4.9,11.7,0,11.14,26.4,4109.1821W 4316.1725N,280.1,1,173,173,-4,-10,30,-2,72,-6,-1024,-1024,-7,1,-1,-1,1,0,1,-1,-1
2016-07-05,16:19:55.300,11.14,0,17,91,4.9,11.7,0,11.14,28.4,4109.1769W 4316.1740N,280,1,166,166,-4,-10,30,-2,72,-6,-1024,-1024,-7,1,-1,-1,1,0,1,-1,-1
2016-07-05,16:19:56.320,11.15,0,17,89,4.9,11.7,0,11.15,28.9,4109.1713W 4316.1755N,279.9,0,160,160,-4,-10,30,-1,72,-6,-1024,-1024,-8,1,-1,-1,1,0,1,-1,-1
2016-07-05,16:19:57.340,11.14,0,16,88,4.9,11.7,0,11.14,29,4109.1657W 4316.1771N,279.7,0,153,153,-3,-8,30,-2,72,-6,-1024,-1024,-7,1,-1,-1,1,0,1,-1,-1
2016-07-05,16:19:58.360,11.14,0,17,86,4.9,11.7,0,11.14,29.2,4109.1601W 4316.1786N,279.7,0,147,147,-4,-8,30,-2,72,-6,-1024,-1024,-6,1,-1,-1,1,0,1,-1,-1
2016-07-05,16:19:59.390,11.14,0,17,88,4.9,11.7,0,11.14,29.2,4109.1558W 4316.1798N,279.7,0,143,143,-4,-8,30,-2,72,-6,-1024,-1024,-6,1,-1,-1,1,0,1,-1,-1
2016-07-05,16:20:00.410,11.15,0,17,89,4.9,11.7,0,11.15,29.4,4109.1487W 4316.1818N,279.7,0,135,135,-4,-10,30,-2,72,-6,-1024,-1024,-8,1,-1,-1,1,0,1,-1,-1
2016-07-05,16:20:01.440,11.14,0,17,90,4.9,11.7,0,11.14,28.5,4109.1430W 4316.1834N,279.6,0,129,129,-4,-10,30,-2,72,-6,-1024,-1024,-7,1,-1,-1,1,0,1,-1,-1
2016-07-05,16:20:02.470,11.15,0,17,89,4.9,11.7,0,11.15,28.3,4109.1376W 4316.1849N,279.5,0,123,123,-4,-10,30,-2,72,-6,-1024,-1024,-7,1,-1,-1,1,0,1,-1,-1
2016-07-05,16:20:03.490,11.14,0,16,88,4.9,11.7,0,11.14,27.1,4109.1322W 4316.1864N,279.3,0,119,119,-6,-10,30,-4,72,-6,-1024,-1024,-7,1,-1,-1,1,0,1,-1,-1
2016-07-05,16:20:04.520,11.14,0,16,88,4.9,11.7,0,11.14,27.3,4109.1270W 4316.1878N,279,0,115,115,-4,-10,30,-2,72,-6,-1024,-1024,-8,1,-1,-1,1,0,1,-1,-1
2016-07-05,16:20:05.540,11.14,0,17,89,4.9,11.7,0,11.14,27,4109.1217W 4316.1893N,278.8,-1,110,110,-4,-10,29,-1,73,-6,-1024,-1024,-7,1,-1,-1,1,0,1,-1,-1
2016-07-05,16:20:06.540,11.14,0,17,90,4.9,11.7,0,11.14,26.8,4109.1217W 4316.1893N,278.8,-1,110,110,-4,-7,30,-2,72,-6,-1024,-1024,-7,1,-1,-1,1,0,1,-1,-1
2016-07-05,16:20:07.550,11.14,0,17,88,4.9,11.7,0,11.14,25.6,4109.1116W 4316.1923N,278.9,-1,104,104,-4,-8,30,-4,72,-6,-1024,-1024,-8,1,-1,-1,1,0,1,-1,-1
2016-07-05,16:20:08.550,11.14,0,16,89,4.9,11.7,0,11.14,23.5,4109.1078W 4316.1947N,278.6,-1,99,99,-4,-10,30,-4,72,-6,-1024,-1024,-7,1,-1,-1,1,0,1,-1,-1
2016-07-05,16:20:09.580,11.14,0,17,87,4.9,11.7,0,11.14,21.3,4109.1055W 4316.1977N,278.3,-1,94,94,-4,-8,30,-4,72,-6,-1024,-1024,-7,1,-1,-1,1,0,1,-1,-1
2016-07-05,16:20:10.620,11.14,0,17,88,4.9,11.7,0,11.14,21.4,4109.1050W 4316.2009N,278.5,-1,88,88,-6,-8,30,-2,72,-6,-1024,-1024,-7,1,-1,-1,1,0,1,-1,-1
2016-07-05,16:20:11.650,11.14,0,16,89,4.9,11.7,0,11.14,22.5,4109.1056W 4316.2043N,278.6,-1,41,41,-6,-8,30,-2,72,-6,-1024,-1024,-6,1,-1,-1,1,0,1,-1,-1
2016-07-05,16:20:12.690,11.14,0,17,90,4.9,11.7,0,11.14,23.5,4109.1073W 4316.2075N,278.5,-1,75,75,-4,-8,30,-4,72,-6,-1024,-1024,-7,1,-1,-1,1,0,1,-1,-1
2016-07-05,16:20:13.690,11.14,0,17,89,4.9,11.7,0,11.14,24.7,4109.1092W 4316.2108N,278.4,-1,69,69,-4,-8,30,-4,72,-6,-1024,-1024,-7,1,-1,-1,1,0,1,-1,-1
2016-07-05,16:20:14.690,11.14,0,17,89,4.9,11.7,0,11.14,25.9,4109.1112W 4316.2143N,278.7,-1,63,63,-4,-8,30,-2,72,-6,-1024,-1024,-7,1,-1,-1,1,0,1,-1,-1
2016-07-05,16:20:15.730,11.14,0,16,88,4.9,11.7,0,11.14,26.3,4109.1134W 4316.2207N,278.7,-1,51,51,-4,-8,30,-2,72,-6,-1024,-1024,-7,1,-1,-1,1,0,1,-1,-1
2016-07-05,16:20:16.750,11.14,0,17,89,4.9,11.7,0,11.14,24.3,4109.1157W 4316.2207N,278.7,-1,52,52,-4,-8,30,-2,72,-6,-1024,-1024,-7,1,-1,-1,1,0,1,-1,-1
2016-07-05,16:20:17.770,11.15,0,17,90,4.9,11.7,0,11.15,23.4,4109.1178W 4316.2251N,278.8,-1,45,45,-4,-7,29,-2,72,-6,-1024,-1024,-8,1,-1,-1,1,0,1,-1,-1
2016-07-05,16:20:18.810,11.14,0,17,90,4.9,11.7,0,11.14,17.2,4109.1196W 4316.2283N,279.1,0,40,40,-4,-10,30,-1,72,-6,-1024,-1024,-7,1,-1,-1,1,0,1,-1,-1
2016-07-05,16:20:19.870,11.14,0,17,88,4.9,11.7,0,11.14,14.7,4109.1211W 4316.2309N,279.1,0,37,37,-4,-8,30,-2,72,-6,-1024,-1024,-7,1,-1,-1,1,0,1,-1,-1
2016-07-05,16:20:20.930,11.14,0,17,90,4.9,11.7,0,11.14,6.2,4109.1228W 4316.2340N,279.1,0,33,33,-4,-8,30,-4,72,-6,-1024,-1024,-8,1,-1,-1,1,0,1,-1,-1
2016-07-05,16:20:21.970,11.14,0,16,84,4.9,11.7,0,11.14,3.9,4109.1232W 4316.2346N,279.2,0,33,33,-4,-8,30,-2,72,-6,-1024,-1024,-6,1,-1,-1,1,0,1,-1,-1
2016-07-05,16:20:23.010,11.14,0,17,88,4.9,11.7,0,11.14,4.3,4109.1235W 4316.2352N,279.4,0,32,32,-4,-8,30,-2,72,-6,-1024,-1024,-8,1,-1,-1,1,0,1,-1,-1
2016-07-05,16:20:24.050,11.14,0,16,87,4.9,11.7,0,11.14,9,4109.1240W 4316.2364N,279.6,0,31,31,-4,-8,30,-2,72,-6,-1024,-1024,-8,1,-1,-1,1,0,1,-1,-1
2016-07-05,16:20:25.090,11.14,0,17,89,4.9,11.7,0,11.14,12.7,4109.1250W 4316.2380N,279.6,0,30,30,-6,-8,30,-2,72,-6,-1024,-1024,-7,1,-1,-1,1,0,1,-1,-1
2016-07-05,16:20:26.090,11.14,0,17,88,4.9,11.7,0,11.14,15.6,4109.1261W 4316.2401N,279.7,0,30,30,-6,-8,30,-2,72,-6,-1024,-1024,-7,1,-1,-1,1,0,1,-1,-1
2016-07-05,16:20:27.130,11.14,0,17,91,4.9,11.7,0,11.14,19.4,4109.1277W 4316.2426N,279.6,0,29,29,-4,-10,30,-1,72,-6,-1024,-1024,-7,1,-1,-1,1,0,1,-1,-1
2016-07-05,16:20:28.140,11.14,0,17,89,4.9,11.7,0,11.14,22.4,4109.1294W 4316.2456N,279.6,0,30,30,-4,-10,30,-1,71,-6,-1024,-1024,-8,1,-1,-1,1,0,1,-1,-1
2016-07-05,16:20:29.150,11.14,0,17,90,4.9,11.7,0,11.14,24.5,4109.1313W 4316.2490N,279.4,0,33,33,-4,-10,29,-2,71,-6,-1024,-1024,-6,1,-1,-1,1,0,1,-1,-1
2016-07-05,16:20:30.150,11.14,0,16,87,4.9,11.7,0,11.14,26.2,4109.1333W 4316.2525N,279.4,0,35,35,-4,-10,30,-2,71,-6,-1024,-1024,-8,1,-1,-1,1,0,1,-1,-1
2016-07-05,16:20:31.180,11.14,0,17,89,4.9,11.7,0,11.14,27.7,4109.1354W 4316.2553N,279.5,0,39,39,-4,-8,30,-2,71,-6,-1024,-1024,-7,1,-1,-1,1,0,1,-1,-1
2016-07-05,16:20:32.210,11.14,0,17,89,4.9,11.6,0,11.14,29.1,4109.1372W 4316.2604N,279.7,0,46,46,-4,-11,29,-2,71,-6,-1024,-1024,-7,1,-1,-1,1,0,1,-1,-1
2016-07-05,16:20:33.220,11.14,0,17,89,4.9,11.7,0,11.14,27.9,4109.1386W 4316.2645N,279.8,0,51,51,-4,-10,29,-2,71,-6,-1024,-1024,-7,1,-1,-1,1,0,1,-1,-1
2016-07-05,16:20:34.220,11.14,0,17,89,4.9,11.7,0,11.14,27.1,4109.1396W 4316.2674N,279.9,0,56,56,-4,-8,29,-2,71,-6,-1024,-1024,-7,1,-1,-1,1,0,1,-1,-1
2016-07-05,16:20:35.230,11.15,0,16,87,4.9,11.7,0,11.15,27.2,4109.1406W 4316.2724N,280,1,62,62,-4,-10,29,-2,71,-6,-1024,-1024,-7,1,-1,-1,1,0,1,-1,-1
2016-07-05,16:20:36.240,11.14,0,16,87,4.9,11.7,0,11.14,26.8,4109.1414W 4316.2763N,280.1,1,68,68,-4,-10,29,-2,71,-6,-1024,-1024,-7,1,-1,-1,1,0,1,-1,-1
2016-07-05,16:20:37.280,11.14,0,17,88,4.9,11.7,0,11.14,26.7,4109.1421W 4316.2802N,280,1,74,74,-4,-10,29,-2,71,-6,-1024,-1024,-7,1,-1,-1,1,0,1,-1,-1
2016-07-05,16:20:38.290,11.15,0,17,90,4.9,11.7,0,11.15,26.9,4109.1428W 4316.2842N,280.2,1,41,41,-4,-8,29,-4,71,-6,-1024,-1024,-7,1,-1,-1,1,0,1,-1,-1
2016-07-05,16:20:39.290,11.14,0,17,89,4.9,11.6,0,11.14,24.4,4109.1435W 4316.2871N,280.3,1,86,86,-4,-8,29,-2,71,-6,-1024,-1024,-6,1,-1,-1,1,0,1,-1,-1
2016-07-05,16:20:40.290,11.14,0,17,88,4.9,11.6,0,11.14,22.9,4109.1441W 4316.2915N,280.3,1,93,93,-4,-8,29,-1,71,-6,-1024,-1024,-6,1,-1,-1,1,0,1,-1,-1
2016-07-05,16:20:41.300,11.14,0,16,85,4.9,11.6,0,11.14,21.3,4109.1447W 4316.2947N,280.5,1,99,99,-4,-8,29,-1,71,-6,-1024,-1024,-7,1,-1,-1,1,0,1,-1,-1
2016-07-05,16:20:42.300,11.14,0,17,88,4.9,11.6,0,11.14,16.5,4109.1452W 4316.2974N,280.4,1,103,103,-4,-8,29,-2,71,-6,-1024,-1024,-7,1,-1,-1,1,0,1,-1,-1
2016-07-05,16:20:43.310,11.14,0,16,87,4.9,11.6,0,11.14,15.9,4109.1455W 4316.2987N,280.3,1,106,106,-4,-8,29,-2,71,-6,-1024,-1024,-6,1,-1,-1,1,0,1,-1,-1
2016-07-05,16:20:44.310,11.14,0,17,89,4.9,11.6,0,11.14,14.5,4109.1451W 4316.3019N,280.2,1,110,110,-4,-8,29,-2,71,-6,-1024,-1024,-7,1,-1,-1,1,0,1,-1,-1
2016-07-05,16:20:45.320,11.15,0,17,88,4.9,11.6,0,11.15,17.6,4109.1435W 4316.3039N,280.5,1,113,113,-4,-8,29,-2,71,-6,-1024,-1024,-8,1,-1,-1,1,0,1,-1,-1
2016-07-05,16:20:46.340,11.14,0,17,87,4.9,11.6,0,11.14,19.4,4109.1393W 4316.3054N,280.4,1,113,113,-4,-10,29,-2,71,-6,-1024,-1024,-8,1,-1,-1,1,0,1,-1,-1
2016-07-05,16:20:47.370,11.14,0,16,85,4.9,11.6,0,11.14,22.8,4109.1360W 4316.3061N,280.3,1,112,112,-4,-10,29,-2,71,-6,-1024,-1024,-7,1,-1,-1,1,0,1,-1,-1
2016-07-05,16:20:48.400,11.14,0,17,88,4.9,11.6,0,11.14,24.9,4109.1313W 4316.3068N,280.3,1,112,112,-4,-10,29,-2,71,-6,-1024,-1024,-8,1,-1,-1,1,0,1,-1,-1
2016-07-05,16:20:49.440,11.14,0,16,87,4.9,11.6,0,11.14,26.5,4109.1262W 4316.3074N,280.3,1,112,112,-4,-10,29,-2,71,-6,-1024,-1024,-8,1,-1,-1,1,0,1,-1,-1
2016-07-05,16:20:50.480,11.14,0,17,89,4.9,11.6,0,11.14,27.1,4109.1208W 4316.3084N,280.4,1,112,112,-4,-10,30,-2,71,-6,-1024,-1024,-7,1,-1,-1,1,0,1,-1,-1
2016-07-05,16:20:51.500,11.14,0,17,90,4.9,11.6,0,11.14,27.6,4109.1154W 4316.3096N,280.6,1,113,113,-4,-8,30,-2,71,-6,-1024,-1024,-7,1,-1,-1,1,0,1,-1,-1
2016-07-05,16:20:52.550,11.14,0,17,89,4.9,11.6,0,11.14,27.9,4109.1101W 4316.3110N,280.5,1,115,115,-4,-8,30,-2,71,-6,-1024,-1024,-7,1,-1,-1,1,0,1,-1,-1
2016-07-05,16:20:53.590,11.14,0,16,84,4.9,11.6,0,11.14,28.5,4109.1047W 4316.3125N,280.5,1,118,118,-4,-8,30,-2,72,-6,-1024,-1024,-8,1,-1,-1,1,0,1,-1,-1
2016-07-05,16:20:54.620,11.14,0,16,91,4.9,11.6,0,11.14,28.4,4109.0993W 4316.3141N,280.5,1,121,121,-4,-8,31,-2,72,-6,-1024,-1024,-8,1,-1,-1,1,0,1,-1,-1
2016-07-05,16:20:55.640,11.14,0,16,88,4.9,11.6,0,11.14,28.4,4109.0993W 4316.3141N,280.5,1,121,121,-6,-8,30,-2,72,-6,-1024,-1024,-7,1,-1,-1,1,0,1,-1,-1
2016-07-05,16:20:56.660,11.14,0,17,86,4.9,11.6,0,11.14,28.8,4109.0885W 4316.3173N,280.5,1,129,129,-6,-8,30,-2,72,-6,-1024,-1024,-7,1,-1,-1,1,0,1,-1,-1
2016-07-05,16:20:57.690,11.14,0,17,87,4.9,11.6,0,11.14,29.1,4109.0830W 4316.3191N,280.4,1,133,133,-6,-8,30,-4,72,-6,-1024,-1024,-8,1,-1,-1,1,0,1,-1,-1
2016-07-05,16:20:58.710,11.15,0,17,88,4.9,11.6,0,11.15,29.3,4109.0776W 4316.3210N,280.6,1,139,139,-6,-8,30,-2,72,-6,-1024,-1024,-7,1,-1,-1,1,0,1,-1,-1
2016-07-05,16:20:59.740,11.15,0,16,92,4.9,11.5,0,11.15,28.9,4109.0708W 4316.3233N,280.7,1,146,146,-6,-8,30,-2,72,-6,-1024,-1024,-8,1,-1,-1,1,0,1,-1,-1
2016-07-05,16:21:00.760,11.14,0,16,89,4.9,11.5,0,11.14,28.6,4109.0667W 4316.3264N,280.8,1,153,153,-4,-8,29,-2,72,-6,-1024,-1024,-7,1,-1,-1,1,0,1,-1,-1
2016-07-05,16:21:01.790,11.15,0,17,86,4.9,11.6,0,11.15,28.3,4109.0614W 4316.3264N,280.8,1,156,156,-6,-8,29,-2,72,-6,-1024,-1024,-7,1,-1,-1,1,0,1,-1,-1
2016-07-05,16:21:02.820,11.14,0,16,86,4.9,11.6,0,11.14,28,4109.0560W 4316.3299N,280.9,1,164,164,-6,-8,30,-4,72,-6,-1024,-1024,-7,1,-1,-1,1,0,1,-1,-1
2016-07-05,16:21:03.850,11.15,0,17,89,4.9,11.6,0,11.15,27.5,4109.0508W 4316.3299N,281.1,2,167,167,-4,-10,29,-2,72,-6,-1024,-1024,-7,1,-1,-1,1,0,1,-1,-1
2016-07-05,16:21:04.860,11.14,0,17,88,4.9,11.6,0,11.14,27.4,4109.0455W 4316.3330N,281.1,2,176,176,-4,-10,30,-2,72,-6,-1024,-1024,-7,1,-1,-1,1,0,1,-1,-1
2016-07-05,16:21:05.900,11.14,0,17,88,4.9,11.6,0,11.14,26,4109.0352W 4316.3344N,280.6,1,185,185,-4,-10,30,-2,72,-6,-1024,-1024,-7,1,-1,-1,1,0,1,-1,-1
2016-07-05,16:21:06.940,11.14,0,16,88,4.9,11.6,0,11.14,24.3,4109.0304W 4316.3356N,280.5,1,191,191,-4,-10,31,-2,72,-6,-1024,-1024,-8,1,-1,-1,1,0,1,-1,-1
2016-07-05,16:21:07.970,11.14,0,16,89,4.9,11.5,0,11.14,21.8,4109.0260W 4316.3367N,280.2,1,196,196,-4,-8,30,-4,72,-6,-1024,-1024,-7,1,-1,-1,1,0,1,-1,-1
2016-07-05,16:21:08.990,11.14,0,17,88,4.9,11.5,0,11.14,17.2,4109.0224W 4316.3375N,280.2,1,200,200,-4,-8,30,-2,72,-6,-1024,-1024,-8,1,-1,-1,1,0,1,-1,-1
2016-07-05,16:21:10.010,11.14,0,17,91,4.9,11.6,0,11.14,10.8,4109.0192W 4316.3379N,280.4,1,202,202,-4,-8,30,-2,72,-6,-1024,-1024,-8,1,-1,-1,1,0,1,-1,-1
2016-07-05,16:21:11.030,11.14,0,17,90,4.9,11.6,0,11.14,9.3,4109.0177W 4316.3381N,280.2,1,204,204,-4,-8,30,-2,72,-6,-1024,-1024,-7,1,-1,-1,1,0,1,-1,-1
2016-07-05,16:21:12.050,11.15,0,17,88,4.9,11.6,0,11.15,8.6,4109.0160W 4316.3383N,280.5,1,206,206,-4,-8,30,-2,72,-6,-1024,-1024,-7,1,-1,-1,1,0,1,-1,-1
2016-07-05,16:21:13.080,11.14,0,17,88,4.9,11.6,0,11.14,11.4,4109.0133W 4316.3381N,280.9,1,208,208,-4,-8,30,-2,72,-6,-1024,-1024,-6,1,-1,-1,1,0,1,-1,-1
2016-07-05,16:21:14.110,11.15,0,16,89,4.9,11.6,0,11.15,13.6,4109.0116W 4316.3372N,281.3,2,208,208,-6,-10,30,-2,72,-6,-1024,-1024,-8,1,-1,-1,1,0,1,-1,-1
2016-07-05,16:21:15.150,11.14,0,17,88,4.9,11.6,0,11.14,15.5,4109.0095W 4316.3355N,281.3,2,207,207,-4,-8,30,-4,72,-6,-1024,-1024,-7,1,-1,-1,1,0,1,-1,-1
2016-07-05,16:21:16.210,11.14,0,16,89,4.9,11.6,0,11.14,18.4,4109.0085W 4316.3330N,281,2,204,204,-6,-8,30,-2,72,-6,-1024,-1024,-7,1,-1,-1,1,0,1,-1,-1
2016-07-05,16:21:17.260,11.14,0,17,90,4.9,11.6,0,11.14,21.2,4109.0087W 4316.3300N,280.9,1,200,200,-4,-10,30,-2,72,-6,-1024,-1024,-1,1,-1,-1,1,0,1,-1,-1
2016-07-05,16:21:18.310,11.14,0,17,89,4.9,11.6,0,11.14,24.1,4109.0091W 4316.3265N,281,2,195,195,-6,-10,30,-2,72,-6,-1024,-1024,-7,1,-1,-1,1,0,1,-1,-1
2016-07-05,16:21:19.360,11.14,0,17,89,4.9,11.5,0,11.14,25.8,4109.0095W 4316.3228N,281,2,189,189,-6,-10,30,-2,72,-6,-1024,-1024,-7,1,-1,-1,1,0,1,-1,-1
2016-07-05,16:21:20.420,11.14,0,16,93,4.9,11.5,0,11.14,26.5,4109.0099W 4316.3189N,280.8,1,183,183,-6,-10,29,-2,72,-6,-1024,-1024,-8,1,-1,-1,1,0,1,-1,-1
2016-07-05,16:21:21.470,11.14,0,16,91,4.9,11.6,0,11.14,26.8,4109.0102W 4316.3149N,280.6,1,178,178,-6,-10,29,-2,72,-6,-1024,-1024,-6,1,-1,-1,1,0,1,-1,-1
2016-07-05,16:21:22.510,11.14,0,16,87,4.9,11.6,0,11.14,27.9,4109.0106W 4316.3108N,280.6,1,173,173,-4,-10,30,-2,72,-6,-1024,-1024,-5,1,-1,-1,1,0,1,-1,-1
2016-07-05,16:21:23.510,11.14,0,17,87,4.9,11.6,0,11.14,28.3,4109.0110W 4316.3067N,280.6,1,167,167,-4,-10,30,-2,72,-6,-1024,-1024,-7,1,-1,-1,1,0,1,-1,-1
2016-07-05,16:21:24.550,11.14,0,17,88,4.9,11.6,0,11.14,26.6,4109.0115W 4316.3025N,280.7,1,162,162,-4,-10,30,-2,72,-6,-1024,-1024,-8,1,-1,-1,1,0,1,-1,-1
2016-07-05,16:21:25.590,11.15,0,17,87,4.9,11.6,0,11.15,24.9,4109.0120W 4316.2986N,280.7,1,157,157,-4,-10,30,-2,72,-6,-1024,-1024,-8,1,-1,-1,1,0,1,-1,-1
2016-07-05,16:21:26.630,11.15,0,17,87,4.9,11.6,0,11.15,23.5,4109.0125W 4316.2949N,280.7,1,153,153,-4,-8,30,-2,72,-6,-1024,-1024,-8,1,-1,-1,1,0,1,-1,-1
2016-07-05,16:21:27.670,11.14,0,17,89,4.9,11.6,0,11.14,22.2,4109.0125W 4316.2949N,280.7,1,153,153,-6,-8,30,-2,72,-6,-1024,-1024,-7,1,-1,-1,1,0,1,-1,-1
2016-07-05,16:21:28.710,11.15,0,16,86,4.9,11.6,0,11.15,20.6,4109.0134W 4316.2882N,280.6,1,145,145,-4,-10,30,-1,72,-6,-1024,-1024,-7,1,-1,-1,1,0,1,-1,-1
2016-07-05,16:21:29.760,11.14,0,16,87,4.9,11.6,0,11.14,19.2,4109.0139W 4316.2852N,280.5,1,142,142,-4,-10,30,0,72,-6,-1024,-1024,-7,1,-1,-1,1,0,1,-1,-1
2016-07-05,16:21:30.800,11.15,0,16,89,4.9,11.6,0,11.15,19.8,4109.0148W 4316.2825N,280.5,1,139,139,-4,-10,30,-1,72,-6,-1024,-1024,-7,1,-1,-1,1,0,1,-1,-1
2016-07-05,16:21:31.860,11.15,0,17,89,4.9,11.6,0,11.15,20,4109.0187W 4316.2773N,280.5,1,130,130,-4,-10,30,-1,72,-6,-1024,-1024,-8,1,-1,-1,1,0,1,-1,-1
2016-07-05,16:21:32.910,11.14,0,16,86,4.9,11.6,0,11.14,21.9,4109.0216W 4316.2756N,280.6,1,125,125,-3,-8,30,-2,72,-6,-1024,-1024,-7,1,-1,-1,1,0,1,-1,-1
2016-07-05,16:21:33.960,11.15,0,17,86,4.9,11.6,0,11.15,22.9,4109.0252W 4316.2729N,280.4,1,118,118,-4,-10,30,-4,72,-6,-1024,-1024,-8,1,-1,-1,1,0,1,-1,-1
2016-07-05,16:21:35.010,11.15,0,17,85,4.9,11.6,0,11.15,23.4,4109.0294W 4316.2711N,280.5,1,111,111,-6,-10,30,-2,72,-6,-1024,-1024,-7,1,-1,-1,1,0,1,-1,-1
2016-07-05,16:21:36.030,11.14,0,16,88,4.9,11.6,0,11.14,23.2,4109.0336W 4316.2699N,280.2,1,105,105,-4,-8,30,-2,72,-6,-1024,-1024,-8,1,-1,-1,1,0,1,-1,-1
2016-07-05,16:21:37.030,11.15,0,17,87,4.9,11.5,0,11.15,23.4,4109.0379W 4316.2680N,280,1,99,99,-4,-8,29,-2,72,-6,-1024,-1024,-8,1,-1,-1,1,0,1,-1,-1
2016-07-05,16:21:38.070,11.15,0,17,92,4.9,11.5,0,11.15,23.4,4109.0379W 4316.2680N,280,1,99,99,-3,-8,30,-4,72,-6,-1024,-1024,-7,1,-1,-1,1,0,1,-1,-1
2016-07-05,16:21:39.120,11.14,0,16,87,4.9,11.5,0,11.14,23.2,4109.0467W 4316.2651N,280,1,86,86,-4,-10,30,-2,72,-6,-1024,-1024,-7,1,-1,-1,1,0,1,-1,-1
2016-07-05,16:21:40.170,11.14,0,17,87,4.9,11.5,0,11.14,21.9,4109.0508W 4316.2638N,280,1,80,80,-4,-10,30,-2,72,-6,-1024,-1024,-8,1,-1,-1,1,0,1,-1,-1
2016-07-05,16:21:41.210,11.15,0,17,85,4.9,11.6,0,11.15,20.8,4109.0548W 4316.2626N,279.9,0,74,74,-4,-8,30,-2,72,-6,-1024,-1024,-7,1,-1,-1,1,0,1,-1,-1
2016-07-05,16:21:42.260,11.14,0,17,87,4.9,11.6,0,11.14,20.1,4109.0548W 4316.2626N,279.9,0,74,74,-4,-8,30,-2,72,-6,-1024,-1024,-7,1,-1,-1,1,0,1,-1,-1
2016-07-05,16:21:43.310,11.15,0,16,86,4.9,11.6,0,11.15,17.4,4109.0631W 4316.2606N,279.9,0,62,62,-4,-10,30,-2,72,-6,-1024,-1024,-7,1,-1,-1,1,0,1,-1,-1
2016-07-05,16:21:44.350,11.14,0,16,86,4.9,11.6,0,11.14,16.7,4109.0655W 4316.2597N,279.9,0,58,58,-4,-10,30,-2,72,-6,-1024,-1024,-8,1,-1,-1,1,0,1,-1,-1
2016-07-05,16:21:45.390,11.14,0,17,86,4.9,11.6,0,11.14,15.9,4109.0680W 4316.2590N,279.7,0,55,55,-3,-10,30,-2,72,-6,-1024,-1024,-7,1,-1,-1,1,0,1,-1,-1
2016-07-05,16:21:46.440,11.14,0,17,89,4.9,11.6,0,11.14,15.5,4109.0718W 4316.2581N,279.7,0,49,49,-4,-8,30,-1,72,-6,-1024,-1024,-8,1,-1,-1,1,0,1,-1,-1
2016-07-05,16:21:47.480,11.14,0,17,89,4.9,11.6,0,11.14,15.2,4109.0749W 4316.2573N,279.7,0,45,45,-4,-8,30,-4,72,-6,-1024,-1024,-8,1,-1,-1,1,0,1,-1,-1
2016-07-05,16:21:48.530,11.14,0,17,91,4.9,11.6,0,11.14,15.2,4109.0778W 4316.2566N,279.6,0,41,41,-4,-8,30,-1,72,-6,-1024,-1024,-7,1,-1,-1,1,0,1,-1,-1
2016-07-05,16:21:49.570,11.14,0,16,86,4.9,11.6,0,11.14,13.7,4109.0808W 4316.2559N,279.6,0,37,37,-4,-8,30,-2,72,-6,-1024,-1024,-7,1,-1,-1,1,0,1,-1,-1
2016-07-05,16:21:50.610,11.15,0,17,85,4.9,11.6,0,11.15,13.5,4109.0834W 4316.2553N,279.6,0,33,33,-3,-8,30,-2,72,-6,-1024,-1024,-7,1,-1,-1,1,0,1,-1,-1
2016-07-05,16:21:51.670,11.15,0,16,87,4.9,11.6,0,11.15,13.4,4109.0860W 4316.2546N,279.6,0,30,30,-3,-8,30,-2,72,-6,-1024,-1024,-7,1,-1,-1,1,0,1,-1,-1
2016-07-05,16:21:52.710,11.14,0,17,89,4.9,11.6,0,11.14,13.1,4109.0886W 4316.2540N,279.6,0,26,26,-4,-10,30,-2,72,-6,-1024,-1024,-7,1,-1,-1,1,0,1,-1,-1
2016-07-05,16:21:53.750,11.14,0,16,87,4.9,11.6,0,11.14,12,4109.0911W 4316.2533N,279.4,0,22,22,-4,-10,30,-4,72,-6,-1024,-1024,-7,1,-1,-1,1,0,1,-1,-1
2016-07-05,16:21:54.760,11.14,0,17,87,4.9,11.6,0,11.14,11.4,4109.0934W 4316.2527N,279.4,0,19,19,-4,-8,29,-4,72,-6,-1024,-1024,-7,1,-1,-1,1,0,1,-1,-1
2016-07-05,16:21:55.810,11.14,0,17,88,4.9,11.6,0,11.14,11.5,4109.0978W 4316.2514N,279.4,0,13,13,-4,-8,30,-4,72,-6,-1024,-1024,-8,1,-1,-1,1,0,1,-1,-1
2016-07-05,16:21:56.850,11.15,0,17,89,4.9,11.6,0,11.15,11.5,4109.0978W 4316.2514N,279.4,0,13,13,-4,-8,30,-2,72,-6,-1024,-1024,-7,1,-1,-1,1,0,1,-1,-1
2016-07-05,16:21:57.910,11.14,0,16,89,4.9,11.6,0,11.14,11.4,4109.1022W 4316.2502N,279.4,0,6,6,-4,-8,29,-2,72,-6,-1024,-1024,-7,1,-1,-1,1,0,1,-1,-1
